Model,Accuracy,Precision,Recall,F1 Score,ROC-AUC
Generation 1,0.3898897118276788,0.3762733165762667,0.9995607098928132,0.5467345859964439,0.5277335916881716
Generation 2,0.5280248390957016,0.43818104809210273,0.9998242839571253,0.6093218750836613,0.8970987758634889
Generation 3,0.6329441443772438,0.5007260726072608,0.9997364259356879,0.6672530565573049,0.9384972691521604
