Model,Accuracy,Precision,Recall,F1 Score,ROC-AUC
Generation 1,0.6031434184675835,0.5540838852097131,1.0,0.7130681818181818,0.9946415886840235
Generation 2,0.8212180746561886,0.7339181286549707,1.0,0.8465430016863407,0.9973285153957813
Generation 3,0.8369351669941061,0.7514970059880239,1.0,0.8581196581196581,0.997544704901325
